 [
  {
    "id": 4,
    "title": "At et magnam iusto reiciendis eaque nesciunt.",
    "subtitle": "Et aut exercitationem et laborum enim consequatur minima cum quo. Sed accusamus atque veritatis nisi error voluptatibus suscipit. Voluptatum omnis pariatur ducimus. Nisi dolor placeat sunt repellat. Nam ad officia debitis qui non. Quia quo consequatur voluptatibus voluptas molestias.",
    "body": "Saepe eum totam ipsum ipsum praesentium porro amet.\nNumquam at et rerum iusto voluptas.",
    "published": true,
    "author": "Jaclyn White",
    "upvotes": 12,
    "downvotes": 1,
    "commentCount": 2
  },
  {
    "id": 1,
    "title": "Omnis nulla tenetur exercitationem exercitationem.",
    "subtitle": "Iure ratione aut a exercitationem nam magnam labore eveniet magnam. Laborum excepturi explicabo atque saepe voluptates cum aut error. Vitae est est modi facilis. Omnis qui tempore. Et ut rerum ullam ducimus veniam.",
    "body": "consequatur deserunt pariatur",
    "published": false,
    "author": "Karl Feest",
    "upvotes": 1,
    "downvotes": 3,
    "commentCount": 4
  },
  {
    "id": 2,
    "title": "Eum est facilis tempore aut velit.",
    "subtitle": "Saepe nulla ex qui tempora iure impedit voluptas. Nemo ullam qui et rerum. Dolor doloremque aliquam rerum numquam labore. Sint quas sit fugit quaerat similique sunt.",
    "body": "omnis voluptatem distinctio",
    "published": true,
    "author": "Holden Beer",
    "upvotes": 2,
    "downvotes": 5,
    "commentCount": 6
  },
  {
    "id": 3,
    "title": "Similique cum eligendi porro nihil.",
    "subtitle": "Commodi eius vel deserunt aut omnis ipsam dignissimos. Debitis est facilis earum et consectetur in. Consequatur fugiat sed. Et hic pariatur dolorum est. Asperiores voluptas laborum quas laboriosam odit aut et sapiente sint.",
    "body": "hic labore est",
    "published": true,
    "author": "Tianna Zieme",
    "upvotes": 6,
    "downvotes": 1,
    "commentCount": 8
  },
  {
    "id": 5,
    "title": "Assumenda explicabo et magnam vitae facilis totam voluptatibus alias.",
    "subtitle": "Iste autem rem neque dicta non velit. Vitae voluptatum in doloremque. Est facilis est autem omnis numquam dignissimos. Aperiam quia dicta itaque ducimus placeat suscipit consequatur maxime. Ipsa autem voluptatum.",
    "body": "sunt",
    "published": true,
    "author": "Orlo Haley",
    "upvotes": 5,
    "downvotes": 1,
    "commentCount": 9
  },
  {
    "id": 6,
    "title": "Inventore accusantium sit ea veritatis natus qui aspernatur pariatur dolores.",
    "subtitle": "Odit explicabo repellendus molestiae perferendis minima consequuntur nesciunt. Atque eum dolores. Rerum quod cum delectus.",
    "body": "iure",
    "published": false,
    "author": "Steve Keeling",
    "upvotes": 3,
    "downvotes": 2,
    "commentCount": 2
  },
  {
    "id": 7,
    "title": "Et sunt in error et recusandae ut animi ut.",
    "subtitle": "Autem commodi ea sapiente quos officiis. Voluptatem eligendi qui et quis neque dolore tempore consectetur eveniet. Aspernatur iste culpa omnis voluptas. Quos esse amet soluta et eum maiores voluptas.",
    "body": "magni adipisci voluptatibus",
    "published": true,
    "author": "Anabelle Sipes",
    "upvotes": 67,
    "downvotes": 5,
    "commentCount": 4
  },
  {
    "id": 8,
    "title": "Et delectus nihil unde ipsam vel ut architecto.",
    "subtitle": "Tempore omnis similique. Voluptatem consequatur est odit beatae velit ex. Fugiat in ratione labore exercitationem illo et et nam voluptatem. Expedita vero in incidunt voluptas deserunt odio.",
    "body": "provident",
    "published": true,
    "author": "Agustin Gulgowski",
    "upvotes": 94,
    "downvotes": 6,
    "commentCount": 8
  }
]